,min,25%,50%,75%,max
popularity,0.0,17.0,35.0,50.0,100.0
duration_ms,0.0,174066.0,212906.0,261506.0,5237295.0
danceability,0.0,0.456,0.58,0.695,0.985
energy,0.0,0.472,0.685,0.854,1.0
key,0.0,2.0,5.0,8.0,11.0
loudness,-49.531,-10.013,-7.004,-5.003,4.532
mode,0.0,0.0,1.0,1.0,1.0
speechiness,0.0,0.0359,0.0489,0.0845,0.965
acousticness,0.0,0.0169,0.169,0.598,0.996
instrumentalness,0.0,0.0,4.16e-05,0.049,1.0
liveness,0.0,0.098,0.132,0.273,1.0
valence,0.0,0.26,0.464,0.683,0.995
tempo,0.0,99.21875,122.017,140.071,243.372
time_signature,0.0,4.0,4.0,4.0,5.0
